account_id,days_past_due,amount_due,paid_on_time_ratio_12m,missed_payments_12m,contact_channel,prev_contacted,prev_response,risk_segment,repaid_30d
CUST-00001,114,606.63,0.925,5,call,0,0,severe,0
CUST-00002,76,515.28,0.575,3,call,0,0,severe,0
CUST-00003,83,798.34,0.659,2,email,1,0,severe,0
CUST-00004,108,232.84,0.44,2,whatsapp,1,1,severe,0
CUST-00005,70,462.06,0.455,0,email,0,0,late,1
CUST-00006,94,714.0,0.489,3,email,0,0,severe,0
CUST-00007,101,666.93,0.648,3,sms,1,0,severe,0
CUST-00008,28,822.7,0.794,2,whatsapp,0,0,mid,1
CUST-00009,7,607.05,0.26,2,email,1,0,early,0
CUST-00010,37,380.99,0.87,3,whatsapp,1,0,mid,0
CUST-00011,35,595.9,0.484,3,sms,0,0,mid,0
CUST-00012,105,159.17,0.507,4,whatsapp,0,0,severe,0
CUST-00013,110,20.0,0.856,3,sms,1,0,severe,1
CUST-00014,1,665.81,0.705,2,sms,1,1,early,0
CUST-00015,60,462.36,0.413,0,sms,0,0,late,0
CUST-00016,99,578.69,1.0,0,call,0,0,severe,0
CUST-00017,16,20.0,0.548,4,call,1,0,mid,0
CUST-00018,96,363.16,0.769,3,email,0,0,severe,0
CUST-00019,15,288.05,0.76,0,email,0,0,early,0
CUST-00020,57,203.45,1.0,2,sms,1,1,late,1
CUST-00021,98,20.0,0.629,2,whatsapp,0,0,severe,0
CUST-00022,37,372.84,0.922,2,email,1,1,mid,0
CUST-00023,41,767.14,0.572,2,whatsapp,1,1,mid,0
CUST-00024,34,601.92,0.944,4,sms,1,0,mid,0
CUST-00025,87,287.7,0.567,2,email,0,0,severe,0
CUST-00026,31,475.24,0.648,1,whatsapp,0,0,mid,0
CUST-00027,119,722.18,1.0,2,whatsapp,1,0,severe,1
CUST-00028,54,20.0,0.783,0,email,1,0,late,1
CUST-00029,58,440.15,0.742,1,call,0,0,late,0
CUST-00030,61,653.82,1.0,0,sms,1,0,late,1
CUST-00031,70,698.28,0.792,2,sms,1,0,late,0
CUST-00032,67,1024.23,0.557,4,email,0,0,late,0
CUST-00033,62,843.21,0.867,2,sms,1,1,late,0
CUST-00034,120,580.02,0.484,2,sms,0,0,severe,0
CUST-00035,97,576.63,0.946,2,email,0,0,severe,0
CUST-00036,96,731.82,0.961,2,email,0,0,severe,0
CUST-00037,85,307.42,0.605,2,email,1,0,severe,0
CUST-00038,75,467.14,0.594,2,sms,1,0,late,0
CUST-00039,41,770.0,0.755,4,email,1,1,mid,0
CUST-00040,119,1106.38,0.723,3,whatsapp,1,0,severe,0
CUST-00041,56,429.03,0.524,1,whatsapp,1,0,late,1
CUST-00042,26,464.51,0.834,3,email,0,0,mid,1
CUST-00043,102,543.51,0.312,1,whatsapp,1,1,severe,0
CUST-00044,20,909.83,0.633,1,sms,0,0,mid,0
CUST-00045,103,470.3,0.639,2,call,1,0,severe,0
CUST-00046,74,950.19,0.665,5,whatsapp,1,0,late,0
CUST-00047,14,170.67,0.781,3,email,1,1,early,1
CUST-00048,6,420.47,0.474,3,whatsapp,0,0,early,1
CUST-00049,54,416.59,0.838,1,email,1,1,late,1
CUST-00050,5,731.68,0.684,7,email,1,0,early,0
CUST-00051,17,814.48,0.59,1,email,0,0,mid,0
CUST-00052,62,20.0,0.447,3,email,1,0,late,0
CUST-00053,117,187.16,0.483,1,sms,0,0,severe,0
CUST-00054,56,587.79,0.792,4,sms,0,0,late,0
CUST-00055,98,269.22,0.527,1,whatsapp,1,1,severe,1
CUST-00056,111,20.0,0.733,1,whatsapp,1,1,severe,1
CUST-00057,99,812.31,0.932,1,email,0,0,severe,0
CUST-00058,76,638.07,0.927,1,whatsapp,1,0,severe,0
CUST-00059,53,637.82,1.0,5,call,0,0,late,1
CUST-00060,62,327.86,0.661,1,whatsapp,0,0,late,0
CUST-00061,32,809.26,0.503,2,email,0,0,mid,0
CUST-00062,60,403.21,0.924,3,sms,0,0,late,1
CUST-00063,46,830.86,0.782,4,email,1,1,late,1
CUST-00064,30,188.27,0.945,0,email,0,0,mid,0
CUST-00065,120,206.68,0.722,2,whatsapp,1,0,severe,0
CUST-00066,2,545.49,0.959,1,email,0,0,early,0
CUST-00067,12,255.25,0.889,1,email,1,0,early,1
CUST-00068,24,696.14,0.863,4,sms,1,0,mid,0
CUST-00069,117,563.23,0.821,5,sms,0,0,severe,0
CUST-00070,84,184.65,0.8,1,sms,1,0,severe,1
CUST-00071,106,503.32,0.767,0,call,0,0,severe,0
CUST-00072,25,367.59,0.765,2,sms,0,0,mid,0
CUST-00073,87,773.07,0.918,4,whatsapp,0,0,severe,0
CUST-00074,45,277.58,0.618,2,sms,0,0,mid,0
CUST-00075,59,339.46,1.0,2,call,0,0,late,1
CUST-00076,1,867.6,0.699,3,call,0,0,early,1
CUST-00077,75,1196.35,0.917,3,sms,0,0,late,0
CUST-00078,100,1119.68,0.702,3,sms,1,0,severe,0
CUST-00079,80,500.23,0.671,3,email,1,1,severe,0
CUST-00080,19,550.03,1.0,4,sms,1,0,mid,1
CUST-00081,65,970.71,0.658,1,email,1,1,late,1
CUST-00082,33,440.18,0.465,2,email,1,0,mid,0
CUST-00083,116,167.57,0.577,0,email,1,1,severe,0
CUST-00084,106,517.4,0.657,1,call,1,1,severe,0
CUST-00085,23,624.49,1.0,2,email,1,0,mid,1
CUST-00086,62,214.67,0.761,1,call,1,0,late,0
CUST-00087,113,20.0,0.907,2,email,1,1,severe,0
CUST-00088,102,20.25,0.52,4,whatsapp,0,0,severe,0
CUST-00089,85,692.94,0.791,4,email,1,0,severe,0
CUST-00090,77,237.32,0.854,2,email,1,0,severe,0
CUST-00091,6,434.77,1.0,1,sms,1,0,early,1
CUST-00092,90,548.02,0.581,2,whatsapp,0,0,severe,0
CUST-00093,57,678.13,0.841,6,whatsapp,1,0,late,0
CUST-00094,11,372.83,0.781,1,email,1,1,early,1
CUST-00095,30,639.59,0.516,3,whatsapp,0,0,mid,1
CUST-00096,65,195.18,0.716,5,whatsapp,1,0,late,1
CUST-00097,88,364.25,0.667,1,call,0,0,severe,1
CUST-00098,61,152.19,0.255,5,call,1,1,late,0
CUST-00099,74,842.17,0.84,3,call,1,0,late,0
CUST-00100,105,471.33,0.828,7,email,0,0,severe,0
CUST-00101,83,243.42,0.632,3,email,1,0,severe,0
CUST-00102,44,367.24,0.452,0,sms,0,0,mid,1
CUST-00103,78,409.05,1.0,3,email,1,1,severe,1
CUST-00104,72,704.17,0.773,2,email,0,0,late,0
CUST-00105,13,20.0,0.923,0,whatsapp,0,0,early,0
CUST-00106,8,148.09,1.0,3,whatsapp,0,0,early,0
CUST-00107,80,359.01,0.616,3,email,1,1,severe,1
CUST-00108,47,1290.34,0.882,4,email,0,0,late,0
CUST-00109,72,785.82,0.672,3,call,1,0,late,0
CUST-00110,39,444.34,0.707,1,sms,1,0,mid,1
CUST-00111,28,707.84,0.703,1,sms,1,0,mid,0
CUST-00112,19,1138.38,0.72,0,whatsapp,1,0,mid,0
CUST-00113,46,405.2,0.943,4,whatsapp,0,0,late,0
CUST-00114,98,362.75,0.745,5,whatsapp,0,0,severe,0
CUST-00115,49,867.82,0.689,4,sms,1,0,late,0
CUST-00116,46,638.14,0.665,4,call,0,0,late,0
CUST-00117,70,694.83,0.788,4,whatsapp,0,0,late,0
CUST-00118,118,317.37,0.541,0,whatsapp,1,1,severe,1
CUST-00119,48,1095.75,0.619,4,email,1,0,late,0
CUST-00120,71,1027.07,0.71,2,whatsapp,0,0,late,0
CUST-00121,53,661.1,0.607,2,whatsapp,1,1,late,0
CUST-00122,73,698.97,0.696,2,call,0,0,late,0
CUST-00123,54,20.0,0.598,3,whatsapp,1,1,late,0
CUST-00124,77,684.07,1.0,0,sms,1,1,severe,1
CUST-00125,66,417.89,0.986,0,email,1,0,late,0
CUST-00126,82,618.85,0.81,3,email,0,0,severe,0
CUST-00127,115,698.39,0.709,3,call,1,0,severe,0
CUST-00128,19,370.79,1.0,2,sms,0,0,mid,1
CUST-00129,68,20.0,0.785,3,whatsapp,0,0,late,0
CUST-00130,53,597.72,0.703,1,whatsapp,1,0,late,1
CUST-00131,43,242.76,0.781,1,email,0,0,mid,1
CUST-00132,29,374.34,0.781,2,sms,1,0,mid,1
CUST-00133,7,286.56,1.0,2,whatsapp,1,0,early,1
CUST-00134,49,370.7,0.716,1,whatsapp,1,0,late,1
CUST-00135,100,20.0,1.0,2,whatsapp,0,0,severe,0
CUST-00136,12,869.42,0.544,0,whatsapp,0,0,early,1
CUST-00137,49,561.07,0.859,2,whatsapp,0,0,late,0
CUST-00138,117,835.65,0.52,6,whatsapp,0,0,severe,0
CUST-00139,115,1113.55,1.0,1,email,1,1,severe,0
CUST-00140,26,487.23,0.654,2,sms,0,0,mid,1
CUST-00141,1,20.0,0.708,2,call,1,0,early,1
CUST-00142,81,193.96,0.905,2,sms,0,0,severe,1
CUST-00143,2,93.79,0.971,2,whatsapp,1,1,early,1
CUST-00144,37,319.4,0.498,4,call,1,0,mid,0
CUST-00145,60,505.49,0.651,1,email,1,0,late,0
CUST-00146,105,20.0,0.441,1,call,1,0,severe,0
CUST-00147,12,589.59,0.747,2,whatsapp,1,0,early,1
CUST-00148,80,20.0,0.7,0,call,1,1,severe,1
CUST-00149,64,575.16,0.65,1,email,1,1,late,0
CUST-00150,16,444.96,0.583,1,whatsapp,0,0,mid,1
CUST-00151,102,379.64,0.643,2,whatsapp,1,1,severe,0
CUST-00152,102,456.63,0.571,1,whatsapp,0,0,severe,0
CUST-00153,58,307.27,0.826,2,whatsapp,1,1,late,1
CUST-00154,114,284.01,1.0,2,whatsapp,1,1,severe,1
CUST-00155,73,20.0,0.334,0,whatsapp,1,0,late,0
CUST-00156,109,470.52,0.697,2,sms,0,0,severe,0
CUST-00157,116,1070.57,0.636,3,sms,0,0,severe,0
CUST-00158,69,1113.76,0.818,4,whatsapp,0,0,late,0
CUST-00159,34,902.98,0.53,2,whatsapp,1,1,mid,1
CUST-00160,18,705.86,0.691,1,whatsapp,0,0,mid,1
CUST-00161,68,263.53,0.512,6,whatsapp,1,1,late,0
CUST-00162,24,941.68,0.859,4,whatsapp,0,0,mid,1
CUST-00163,91,462.04,0.74,1,email,1,0,severe,0
CUST-00164,112,457.96,0.688,3,whatsapp,0,0,severe,0
CUST-00165,30,386.81,0.794,1,call,0,0,mid,0
CUST-00166,67,509.43,0.671,1,call,0,0,late,1
CUST-00167,6,340.73,0.409,0,email,1,0,early,1
CUST-00168,22,453.19,0.839,2,whatsapp,1,0,mid,1
CUST-00169,46,132.93,0.778,1,whatsapp,1,0,late,0
CUST-00170,107,360.43,0.689,3,sms,1,1,severe,0
CUST-00171,117,1209.78,0.917,1,call,0,0,severe,0
CUST-00172,77,457.73,0.964,3,call,1,0,severe,1
CUST-00173,71,403.63,0.502,1,email,1,0,late,0
CUST-00174,69,650.36,0.564,3,call,1,1,late,0
CUST-00175,8,706.6,1.0,2,whatsapp,1,0,early,0
CUST-00176,46,123.59,1.0,4,sms,1,0,late,1
CUST-00177,118,413.71,0.572,3,sms,1,1,severe,0
CUST-00178,50,773.85,0.484,4,whatsapp,0,0,late,0
CUST-00179,26,566.35,0.592,6,sms,0,0,mid,0
CUST-00180,29,519.03,0.62,3,sms,0,0,mid,0
CUST-00181,86,977.29,0.403,0,call,1,1,severe,0
CUST-00182,5,263.11,0.726,2,whatsapp,0,0,early,1
CUST-00183,117,506.48,0.464,3,whatsapp,0,0,severe,0
CUST-00184,106,313.58,0.478,0,whatsapp,0,0,severe,0
CUST-00185,69,956.9,0.903,2,whatsapp,0,0,late,0
CUST-00186,57,20.0,0.583,1,whatsapp,0,0,late,1
CUST-00187,92,265.55,0.706,1,whatsapp,0,0,severe,0
CUST-00188,66,310.67,0.846,2,call,1,0,late,0
CUST-00189,58,692.33,0.883,2,whatsapp,0,0,late,0
CUST-00190,39,674.01,0.653,2,sms,0,0,mid,0
CUST-00191,54,926.46,0.729,2,whatsapp,0,0,late,1
CUST-00192,91,20.0,0.555,3,whatsapp,1,1,severe,0
CUST-00193,7,720.15,1.0,2,whatsapp,1,1,early,0
CUST-00194,4,386.15,0.85,3,sms,1,1,early,1
CUST-00195,87,267.0,0.499,4,whatsapp,0,0,severe,0
CUST-00196,45,652.66,0.721,3,whatsapp,1,0,mid,1
CUST-00197,97,185.56,0.863,3,sms,0,0,severe,1
CUST-00198,4,20.0,0.816,2,whatsapp,1,1,early,1
CUST-00199,109,361.53,1.0,3,call,0,0,severe,1
CUST-00200,15,20.0,0.994,1,whatsapp,1,0,early,1
CUST-00201,50,272.35,0.612,2,sms,1,0,late,1
CUST-00202,117,598.9,0.702,2,call,1,0,severe,0
CUST-00203,14,579.84,0.464,0,whatsapp,1,0,early,0
CUST-00204,79,987.81,0.77,3,whatsapp,1,0,severe,0
CUST-00205,88,416.11,0.75,2,sms,1,0,severe,1
CUST-00206,52,20.0,1.0,0,email,1,0,late,1
CUST-00207,10,238.05,0.74,1,sms,0,0,early,1
CUST-00208,63,185.8,0.301,1,whatsapp,1,1,late,0
CUST-00209,53,90.3,0.586,2,email,0,0,late,1
CUST-00210,105,619.32,0.742,2,sms,0,0,severe,0
CUST-00211,82,273.53,0.469,0,whatsapp,1,1,severe,1
CUST-00212,42,20.0,0.547,3,email,0,0,mid,1
CUST-00213,7,703.02,0.647,0,call,1,1,early,1
CUST-00214,71,444.34,0.788,0,sms,1,0,late,1
CUST-00215,34,594.19,0.687,4,sms,1,1,mid,1
CUST-00216,83,513.83,0.542,1,email,1,0,severe,0
CUST-00217,104,682.13,0.878,2,sms,1,0,severe,0
CUST-00218,43,492.17,0.612,3,whatsapp,0,0,mid,1
CUST-00219,109,875.58,0.62,2,call,0,0,severe,0
CUST-00220,63,615.99,0.444,1,whatsapp,1,1,late,1
CUST-00221,64,605.46,0.563,2,email,0,0,late,0
CUST-00222,92,611.16,0.85,3,sms,0,0,severe,1
CUST-00223,95,20.0,0.396,1,email,0,0,severe,1
CUST-00224,110,427.32,0.706,2,sms,0,0,severe,0
CUST-00225,120,397.02,0.864,3,email,1,1,severe,1
CUST-00226,19,546.41,0.645,2,sms,1,0,mid,0
CUST-00227,50,45.22,0.768,2,whatsapp,0,0,late,1
CUST-00228,113,1002.92,0.497,5,email,0,0,severe,0
CUST-00229,37,513.4,0.982,2,email,1,0,mid,1
CUST-00230,1,92.38,0.94,3,sms,1,1,early,1
CUST-00231,70,20.0,0.767,3,call,1,1,late,0
CUST-00232,91,389.99,0.369,0,email,0,0,severe,0
CUST-00233,90,451.3,0.511,1,call,1,0,severe,0
CUST-00234,98,250.15,0.915,1,whatsapp,0,0,severe,0
CUST-00235,78,509.48,1.0,1,call,1,1,severe,1
CUST-00236,17,274.82,0.779,4,email,0,0,mid,1
CUST-00237,102,656.53,0.969,2,call,0,0,severe,1
CUST-00238,51,248.15,0.598,1,whatsapp,0,0,late,0
CUST-00239,102,467.68,0.682,1,sms,1,0,severe,0
CUST-00240,98,793.23,0.72,1,call,1,0,severe,0
CUST-00241,117,1302.93,0.805,2,email,1,1,severe,0
CUST-00242,2,157.55,0.414,1,whatsapp,1,1,early,0
CUST-00243,104,331.36,0.908,1,whatsapp,1,0,severe,0
CUST-00244,76,211.25,0.985,1,call,1,1,severe,0
CUST-00245,59,730.99,0.49,3,email,0,0,late,1
CUST-00246,96,112.61,0.449,2,whatsapp,0,0,severe,0
CUST-00247,115,325.01,0.79,3,whatsapp,1,1,severe,0
CUST-00248,62,470.53,0.589,1,sms,1,0,late,1
CUST-00249,11,166.82,0.246,4,whatsapp,1,0,early,1
CUST-00250,88,173.66,0.882,3,sms,1,0,severe,0
CUST-00251,28,327.8,0.751,1,email,0,0,mid,0
CUST-00252,28,20.0,0.625,2,whatsapp,0,0,mid,1
CUST-00253,24,20.0,1.0,2,whatsapp,0,0,mid,0
CUST-00254,24,347.83,0.748,0,call,0,0,mid,0
CUST-00255,110,527.43,0.569,2,whatsapp,0,0,severe,1
CUST-00256,44,420.56,0.74,1,whatsapp,0,0,mid,0
CUST-00257,13,20.0,0.512,1,email,1,1,early,1
CUST-00258,22,331.59,0.568,3,email,0,0,mid,0
CUST-00259,48,735.5,0.797,0,sms,1,1,late,0
CUST-00260,42,657.88,0.609,1,call,0,0,mid,0
CUST-00261,38,454.8,0.63,1,whatsapp,1,1,mid,0
CUST-00262,114,196.04,1.0,3,whatsapp,0,0,severe,1
CUST-00263,104,681.99,0.892,4,email,1,1,severe,0
CUST-00264,69,294.74,0.881,1,email,0,0,late,0
CUST-00265,119,105.84,0.826,1,whatsapp,1,0,severe,0
CUST-00266,41,223.3,0.817,1,sms,0,0,mid,0
CUST-00267,17,943.47,1.0,1,whatsapp,1,0,mid,1
CUST-00268,33,550.46,0.716,3,whatsapp,0,0,mid,1
CUST-00269,11,850.96,1.0,1,sms,0,0,early,1
CUST-00270,115,326.61,0.53,1,call,0,0,severe,0
CUST-00271,27,780.21,0.669,1,whatsapp,0,0,mid,1
CUST-00272,54,287.52,0.444,1,whatsapp,1,1,late,0
CUST-00273,25,429.62,0.651,3,whatsapp,0,0,mid,0
CUST-00274,118,1275.63,0.824,3,whatsapp,1,0,severe,0
CUST-00275,19,725.49,1.0,5,email,0,0,mid,1
CUST-00276,62,319.63,0.587,0,email,0,0,late,0
CUST-00277,115,452.86,0.721,2,email,1,1,severe,0
CUST-00278,63,584.39,0.648,0,call,1,1,late,0
CUST-00279,108,867.35,0.572,0,email,0,0,severe,0
CUST-00280,108,323.48,0.482,1,email,1,0,severe,0
CUST-00281,93,20.0,0.732,2,sms,0,0,severe,0
CUST-00282,90,390.51,0.374,2,email,1,1,severe,0
CUST-00283,70,484.92,0.742,1,email,0,0,late,0
CUST-00284,70,515.05,0.724,1,call,0,0,late,0
CUST-00285,100,901.34,0.588,1,whatsapp,1,0,severe,1
CUST-00286,52,581.34,0.518,1,email,1,0,late,0
CUST-00287,114,740.13,0.443,3,whatsapp,0,0,severe,0
CUST-00288,106,127.64,1.0,2,whatsapp,0,0,severe,1
CUST-00289,45,757.73,0.452,0,call,1,0,mid,0
CUST-00290,50,1150.79,1.0,2,sms,1,0,late,1
CUST-00291,86,727.33,0.84,4,sms,0,0,severe,0
CUST-00292,111,561.14,0.647,1,whatsapp,0,0,severe,0
CUST-00293,12,529.28,0.489,2,sms,0,0,early,0
CUST-00294,9,1051.89,0.928,2,whatsapp,0,0,early,0
CUST-00295,30,183.3,1.0,3,sms,1,0,mid,1
CUST-00296,52,444.45,0.533,4,call,0,0,late,1
CUST-00297,20,627.27,0.66,1,email,1,1,mid,1
CUST-00298,63,718.08,0.93,0,email,1,0,late,1
CUST-00299,65,340.06,0.787,2,sms,1,1,late,1
CUST-00300,115,578.34,1.0,1,whatsapp,0,0,severe,0
CUST-00301,90,391.07,0.606,4,email,0,0,severe,0
CUST-00302,31,518.55,0.828,3,sms,1,0,mid,1
CUST-00303,95,437.73,0.47,1,whatsapp,1,0,severe,0
CUST-00304,97,114.69,1.0,1,sms,0,0,severe,0
CUST-00305,82,473.24,0.574,1,call,0,0,severe,0
CUST-00306,82,760.69,0.278,3,email,1,0,severe,0
CUST-00307,38,170.55,0.695,2,email,0,0,mid,1
CUST-00308,87,402.85,0.692,1,whatsapp,0,0,severe,0
CUST-00309,17,692.73,1.0,1,email,0,0,mid,1
CUST-00310,76,137.64,0.652,2,sms,1,0,severe,0
CUST-00311,111,538.44,0.717,3,email,0,0,severe,0
CUST-00312,117,140.76,0.839,2,sms,1,0,severe,0
CUST-00313,36,843.08,1.0,1,email,0,0,mid,1
CUST-00314,40,1220.1,0.707,1,whatsapp,0,0,mid,1
CUST-00315,75,1127.12,0.928,2,whatsapp,0,0,late,0
CUST-00316,48,409.86,0.824,2,whatsapp,0,0,late,0
CUST-00317,88,716.86,0.661,0,whatsapp,1,0,severe,0
CUST-00318,25,518.72,0.736,2,email,1,0,mid,0
CUST-00319,21,512.67,0.726,5,whatsapp,0,0,mid,1
CUST-00320,7,975.28,0.537,2,whatsapp,1,1,early,1
CUST-00321,57,57.86,0.963,1,sms,0,0,late,1
CUST-00322,26,817.69,0.443,1,whatsapp,0,0,mid,1
CUST-00323,36,464.33,0.954,1,email,1,0,mid,0
CUST-00324,110,930.73,0.911,3,whatsapp,0,0,severe,0
CUST-00325,98,539.91,0.701,3,whatsapp,1,1,severe,0
CUST-00326,101,264.74,0.567,3,sms,0,0,severe,0
CUST-00327,72,568.68,0.675,1,call,0,0,late,1
CUST-00328,14,715.51,0.815,1,whatsapp,1,0,early,1
CUST-00329,90,491.44,0.869,2,whatsapp,0,0,severe,0
CUST-00330,73,636.17,0.777,2,whatsapp,1,0,late,0
CUST-00331,110,313.06,0.918,1,email,1,0,severe,0
CUST-00332,58,20.0,0.609,2,call,0,0,late,1
CUST-00333,21,768.01,0.767,2,whatsapp,0,0,mid,0
CUST-00334,72,703.73,0.406,5,whatsapp,1,0,late,0
CUST-00335,55,527.42,0.873,2,whatsapp,0,0,late,0
CUST-00336,80,501.89,0.751,2,whatsapp,1,0,severe,1
CUST-00337,46,811.61,0.637,3,email,0,0,late,0
CUST-00338,37,333.73,0.952,1,email,1,0,mid,0
CUST-00339,16,253.91,0.858,2,email,0,0,mid,1
CUST-00340,116,419.66,0.157,0,sms,1,0,severe,0
CUST-00341,91,860.51,0.728,2,sms,1,0,severe,0
CUST-00342,56,36.12,0.429,1,call,1,1,late,0
CUST-00343,29,861.39,0.933,0,whatsapp,1,0,mid,1
CUST-00344,76,275.44,1.0,1,whatsapp,0,0,severe,1
CUST-00345,50,127.76,0.616,1,whatsapp,0,0,late,1
CUST-00346,77,883.22,0.735,3,email,0,0,severe,0
CUST-00347,11,449.0,0.67,1,sms,1,0,early,1
CUST-00348,23,63.93,0.79,0,email,1,1,mid,0
CUST-00349,89,365.21,0.849,1,email,0,0,severe,1
CUST-00350,8,777.94,0.977,1,email,1,1,early,0
CUST-00351,82,861.46,0.523,2,sms,0,0,severe,0
CUST-00352,50,343.33,1.0,2,whatsapp,1,1,late,1
CUST-00353,1,610.02,0.534,2,whatsapp,0,0,early,1
CUST-00354,92,708.51,0.775,2,sms,0,0,severe,0
CUST-00355,84,273.72,0.952,3,whatsapp,0,0,severe,0
CUST-00356,98,593.61,0.863,2,call,1,1,severe,0
CUST-00357,108,469.8,0.532,2,email,0,0,severe,1
CUST-00358,88,308.47,0.58,6,whatsapp,1,1,severe,0
CUST-00359,101,322.51,0.628,1,sms,1,0,severe,0
CUST-00360,14,501.45,0.71,0,sms,1,1,early,1
CUST-00361,111,489.55,0.949,1,email,0,0,severe,1
CUST-00362,110,299.04,0.462,3,call,0,0,severe,0
CUST-00363,84,343.7,0.813,1,whatsapp,0,0,severe,0
CUST-00364,97,836.27,0.842,1,email,1,0,severe,0
CUST-00365,89,548.42,0.832,2,sms,1,0,severe,0
CUST-00366,106,763.23,0.813,3,call,1,1,severe,0
CUST-00367,107,864.58,1.0,2,whatsapp,0,0,severe,0
CUST-00368,63,668.43,0.818,0,email,0,0,late,0
CUST-00369,98,1206.68,0.891,3,whatsapp,1,0,severe,0
CUST-00370,110,215.9,0.833,4,sms,1,0,severe,0
CUST-00371,36,738.69,1.0,1,call,1,1,mid,0
CUST-00372,6,378.19,0.34,1,email,0,0,early,0
CUST-00373,21,1073.85,0.976,1,whatsapp,1,1,mid,1
CUST-00374,4,1024.14,0.668,2,call,0,0,early,1
CUST-00375,53,20.0,0.664,1,sms,1,1,late,0
CUST-00376,3,169.96,0.526,2,sms,1,0,early,1
CUST-00377,32,692.58,0.346,1,call,1,1,mid,0
CUST-00378,31,732.76,0.644,3,sms,0,0,mid,1
CUST-00379,85,715.7,0.583,0,whatsapp,1,0,severe,0
CUST-00380,30,457.32,0.819,0,sms,1,0,mid,1
CUST-00381,114,625.64,0.426,3,email,0,0,severe,0
CUST-00382,23,688.97,1.0,2,sms,0,0,mid,1
CUST-00383,117,455.08,0.774,2,whatsapp,1,0,severe,0
CUST-00384,69,808.74,0.67,2,sms,1,1,late,0
CUST-00385,30,20.0,0.578,1,whatsapp,1,1,mid,0
CUST-00386,5,682.81,0.563,2,whatsapp,1,1,early,0
CUST-00387,37,149.1,0.494,2,whatsapp,0,0,mid,0
CUST-00388,71,786.78,0.611,2,sms,1,0,late,1
CUST-00389,14,406.82,0.721,1,whatsapp,0,0,early,0
CUST-00390,20,195.59,0.685,0,whatsapp,0,0,mid,1
CUST-00391,14,599.65,0.437,1,email,0,0,early,1
CUST-00392,82,188.37,0.667,4,email,1,1,severe,0
CUST-00393,11,187.91,0.541,2,email,1,0,early,0
CUST-00394,3,20.0,0.752,1,whatsapp,1,0,early,1
CUST-00395,55,471.45,1.0,4,email,0,0,late,0
CUST-00396,38,638.98,0.845,1,whatsapp,0,0,mid,1
CUST-00397,69,807.37,0.657,1,sms,0,0,late,1
CUST-00398,113,434.65,0.395,2,sms,1,0,severe,0
CUST-00399,103,815.31,0.437,2,sms,0,0,severe,0
CUST-00400,65,485.75,0.383,2,sms,1,0,late,0
CUST-00401,78,450.15,0.865,3,call,0,0,severe,1
CUST-00402,98,663.54,0.567,1,email,1,1,severe,0
CUST-00403,53,818.69,0.733,1,whatsapp,0,0,late,0
CUST-00404,79,370.74,0.596,0,email,0,0,severe,0
CUST-00405,26,402.0,0.738,4,whatsapp,1,0,mid,1
CUST-00406,74,428.53,1.0,2,email,1,1,late,1
CUST-00407,29,506.49,0.583,1,sms,1,1,mid,0
CUST-00408,23,191.87,0.652,2,whatsapp,1,0,mid,1
CUST-00409,92,808.96,0.559,2,email,0,0,severe,0
CUST-00410,69,351.87,0.895,1,whatsapp,0,0,late,0
CUST-00411,46,627.98,0.515,3,whatsapp,0,0,late,0
CUST-00412,5,215.85,0.493,2,whatsapp,1,0,early,1
CUST-00413,29,594.82,0.442,1,sms,0,0,mid,0
CUST-00414,97,605.31,0.438,2,email,0,0,severe,0
CUST-00415,57,345.38,0.814,2,whatsapp,1,1,late,0
CUST-00416,116,1126.68,1.0,1,sms,0,0,severe,1
CUST-00417,109,598.73,0.521,2,call,0,0,severe,0
CUST-00418,103,1048.62,0.91,1,call,0,0,severe,0
CUST-00419,2,786.92,0.77,1,email,0,0,early,1
CUST-00420,7,268.07,0.5,4,whatsapp,1,0,early,1
CUST-00421,70,357.7,0.665,4,sms,1,1,late,0
CUST-00422,41,619.55,0.673,1,email,1,1,mid,1
CUST-00423,102,499.58,0.582,1,call,0,0,severe,1
CUST-00424,39,495.83,1.0,3,call,1,0,mid,0
CUST-00425,19,388.41,0.339,0,sms,1,0,mid,0
CUST-00426,14,20.0,0.796,4,whatsapp,1,1,early,1
CUST-00427,37,407.86,0.786,1,whatsapp,1,0,mid,0
CUST-00428,76,20.0,0.604,1,email,1,0,severe,0
CUST-00429,16,598.98,0.75,3,call,1,0,mid,1
CUST-00430,96,247.66,0.896,2,sms,1,0,severe,0
CUST-00431,37,251.07,0.751,4,sms,1,1,mid,1
CUST-00432,38,409.82,0.803,1,email,0,0,mid,1
CUST-00433,80,567.26,0.859,2,sms,1,0,severe,0
CUST-00434,104,21.76,0.314,2,sms,0,0,severe,0
CUST-00435,53,20.0,1.0,0,whatsapp,0,0,late,1
CUST-00436,96,138.86,1.0,1,whatsapp,1,0,severe,1
CUST-00437,37,20.0,0.916,4,sms,1,0,mid,0
CUST-00438,16,170.61,0.923,0,whatsapp,1,0,mid,1
CUST-00439,100,989.08,0.438,1,whatsapp,1,0,severe,0
CUST-00440,93,141.89,0.696,0,call,0,0,severe,0
CUST-00441,91,688.45,0.558,5,email,1,1,severe,0
CUST-00442,106,41.08,0.603,1,sms,1,0,severe,0
CUST-00443,60,575.72,0.913,1,call,0,0,late,0
CUST-00444,24,377.69,0.559,1,whatsapp,1,0,mid,1
CUST-00445,71,460.86,0.694,3,whatsapp,0,0,late,0
CUST-00446,69,662.01,0.338,3,call,1,0,late,0
CUST-00447,47,1042.0,0.688,3,call,1,1,late,0
CUST-00448,77,542.31,0.738,1,email,0,0,severe,0
CUST-00449,32,519.79,0.579,0,whatsapp,1,0,mid,1
CUST-00450,74,168.52,0.576,1,sms,0,0,late,1
CUST-00451,96,666.67,1.0,2,whatsapp,0,0,severe,0
CUST-00452,12,401.26,0.478,2,whatsapp,0,0,early,1
CUST-00453,55,746.24,0.51,3,call,0,0,late,0
CUST-00454,80,466.01,0.558,0,whatsapp,1,1,severe,0
CUST-00455,7,1037.07,0.96,3,whatsapp,1,0,early,1
CUST-00456,76,20.0,1.0,1,whatsapp,1,1,severe,0
CUST-00457,110,385.09,0.786,0,email,1,1,severe,1
CUST-00458,99,762.07,0.577,2,email,1,1,severe,0
CUST-00459,83,367.78,0.634,1,whatsapp,0,0,severe,1
CUST-00460,97,226.5,0.933,1,sms,0,0,severe,0
CUST-00461,44,394.92,0.538,2,call,0,0,mid,0
CUST-00462,40,38.42,1.0,1,whatsapp,0,0,mid,0
CUST-00463,11,518.07,1.0,1,whatsapp,0,0,early,1
CUST-00464,87,1260.95,0.734,0,email,0,0,severe,1
CUST-00465,38,846.41,0.849,0,whatsapp,1,1,mid,1
CUST-00466,105,125.12,0.87,1,sms,1,0,severe,0
CUST-00467,56,200.53,1.0,0,whatsapp,1,1,late,0
CUST-00468,108,350.49,0.51,5,whatsapp,0,0,severe,0
CUST-00469,17,801.41,0.956,2,email,1,1,mid,1
CUST-00470,20,217.12,0.645,1,email,1,0,mid,1
CUST-00471,42,259.13,0.566,2,whatsapp,1,1,mid,0
CUST-00472,4,763.12,0.741,2,whatsapp,1,0,early,1
CUST-00473,60,756.69,0.677,3,call,0,0,late,1
CUST-00474,79,360.38,0.523,3,whatsapp,1,1,severe,0
CUST-00475,80,122.32,0.401,0,whatsapp,0,0,severe,1
CUST-00476,26,20.0,0.532,4,whatsapp,0,0,mid,1
CUST-00477,20,256.32,1.0,1,whatsapp,0,0,mid,1
CUST-00478,68,20.0,1.0,1,whatsapp,0,0,late,0
CUST-00479,76,719.94,0.85,1,call,1,0,severe,0
CUST-00480,114,278.39,0.957,3,whatsapp,1,1,severe,0
CUST-00481,108,634.01,0.617,2,email,1,1,severe,0
CUST-00482,46,1077.86,0.705,0,sms,1,0,late,1
CUST-00483,20,855.36,0.777,2,whatsapp,0,0,mid,0
CUST-00484,31,111.64,0.504,2,whatsapp,1,0,mid,1
CUST-00485,106,758.16,0.522,3,email,0,0,severe,0
CUST-00486,55,850.51,0.739,2,sms,1,1,late,0
CUST-00487,120,241.17,0.656,4,whatsapp,1,0,severe,1
CUST-00488,79,174.94,0.507,2,whatsapp,1,0,severe,0
CUST-00489,72,444.9,0.797,0,call,0,0,late,0
CUST-00490,13,20.0,0.667,1,email,1,0,early,0
CUST-00491,71,950.64,0.924,4,email,1,0,late,0
CUST-00492,46,20.0,0.719,3,call,1,0,late,1
CUST-00493,102,125.82,0.66,1,whatsapp,1,0,severe,1
CUST-00494,17,393.74,0.746,1,whatsapp,0,0,mid,0
CUST-00495,24,407.33,0.686,3,email,0,0,mid,0
CUST-00496,80,533.16,0.586,2,sms,1,0,severe,0
CUST-00497,82,566.86,0.64,2,sms,0,0,severe,0
CUST-00498,100,411.64,0.87,3,email,0,0,severe,0
CUST-00499,63,843.8,0.849,4,call,1,1,late,0
CUST-00500,46,20.0,0.977,3,call,1,0,late,0
CUST-00501,37,479.95,0.381,2,email,0,0,mid,0
CUST-00502,45,251.33,0.641,1,sms,1,0,mid,0
CUST-00503,80,522.4,0.637,4,email,0,0,severe,0
CUST-00504,65,550.64,0.754,2,whatsapp,1,1,late,0
CUST-00505,36,188.21,0.63,0,whatsapp,0,0,mid,1
CUST-00506,26,274.9,0.617,3,whatsapp,1,1,mid,1
CUST-00507,86,733.63,0.877,3,email,1,0,severe,0
CUST-00508,30,591.7,0.756,4,call,0,0,mid,1
CUST-00509,26,262.32,0.487,0,email,1,1,mid,1
CUST-00510,40,1132.77,0.987,4,whatsapp,1,0,mid,1
CUST-00511,103,1218.94,0.919,6,email,0,0,severe,0
CUST-00512,55,20.0,0.605,2,whatsapp,0,0,late,0
CUST-00513,72,576.57,0.886,5,email,0,0,late,0
CUST-00514,10,1282.88,0.573,2,sms,0,0,early,0
CUST-00515,42,730.85,0.945,0,whatsapp,0,0,mid,1
CUST-00516,91,550.74,0.676,3,whatsapp,1,1,severe,0
CUST-00517,93,413.42,0.559,2,whatsapp,0,0,severe,0
CUST-00518,70,306.82,0.645,4,whatsapp,0,0,late,1
CUST-00519,106,412.0,0.567,4,whatsapp,0,0,severe,0
CUST-00520,36,303.77,0.758,6,sms,0,0,mid,0
CUST-00521,20,718.37,0.755,4,email,0,0,mid,1
CUST-00522,10,352.59,0.727,4,call,1,1,early,0
CUST-00523,24,338.83,0.609,0,email,1,1,mid,1
CUST-00524,92,95.31,0.0,1,sms,0,0,severe,0
CUST-00525,109,464.13,0.739,1,whatsapp,1,1,severe,0
CUST-00526,16,193.88,0.341,6,whatsapp,1,0,mid,0
CUST-00527,61,422.16,0.769,1,sms,1,0,late,1
CUST-00528,16,813.38,0.946,4,whatsapp,1,0,mid,0
CUST-00529,102,597.1,0.775,0,whatsapp,1,0,severe,1
CUST-00530,16,641.51,0.642,3,email,0,0,mid,0
CUST-00531,77,593.95,0.684,0,whatsapp,0,0,severe,0
CUST-00532,10,498.94,0.693,1,call,0,0,early,1
CUST-00533,89,439.25,0.61,1,email,1,0,severe,0
CUST-00534,109,381.5,0.603,1,sms,1,1,severe,0
CUST-00535,88,722.92,0.535,0,call,1,1,severe,0
CUST-00536,33,133.04,0.958,1,whatsapp,1,0,mid,1
CUST-00537,102,909.03,0.717,3,whatsapp,1,0,severe,0
CUST-00538,37,490.9,0.911,2,sms,1,1,mid,0
CUST-00539,91,240.42,0.67,4,call,1,0,severe,0
CUST-00540,100,323.47,0.734,1,whatsapp,0,0,severe,0
CUST-00541,59,263.36,0.686,2,email,1,1,late,0
CUST-00542,75,531.27,0.813,0,call,0,0,late,0
CUST-00543,103,250.29,0.885,1,whatsapp,1,0,severe,0
CUST-00544,23,845.48,0.768,1,email,1,1,mid,0
CUST-00545,3,229.88,0.585,3,email,1,1,early,1
CUST-00546,53,20.0,0.564,1,whatsapp,0,0,late,1
CUST-00547,22,246.08,1.0,2,sms,1,0,mid,1
CUST-00548,107,20.0,0.664,3,call,0,0,severe,0
CUST-00549,105,467.24,0.662,2,sms,0,0,severe,0
CUST-00550,46,818.93,1.0,1,sms,1,1,late,0
CUST-00551,38,687.28,0.938,1,sms,1,0,mid,1
CUST-00552,86,51.97,0.827,2,whatsapp,1,0,severe,0
CUST-00553,55,236.08,0.64,0,email,1,1,late,1
CUST-00554,12,1049.16,1.0,2,whatsapp,0,0,early,1
CUST-00555,80,581.92,0.799,3,call,1,0,severe,0
CUST-00556,88,481.32,0.829,3,call,0,0,severe,0
CUST-00557,9,817.94,0.686,3,email,1,0,early,0
CUST-00558,94,1264.88,0.437,1,call,0,0,severe,0
CUST-00559,65,894.9,0.453,0,email,1,0,late,0
CUST-00560,100,524.61,0.801,2,whatsapp,0,0,severe,0
CUST-00561,103,593.5,0.798,3,email,1,0,severe,0
CUST-00562,81,677.47,0.672,1,email,0,0,severe,0
CUST-00563,41,283.94,0.486,0,whatsapp,1,1,mid,0
CUST-00564,45,141.21,0.432,0,email,1,1,mid,0
CUST-00565,87,496.78,0.654,0,whatsapp,1,0,severe,0
CUST-00566,8,176.89,0.429,2,sms,1,0,early,0
CUST-00567,28,460.33,0.9,1,whatsapp,1,1,mid,0
CUST-00568,63,510.76,0.951,0,whatsapp,0,0,late,0
CUST-00569,114,1229.13,1.0,1,call,0,0,severe,0
CUST-00570,91,207.66,0.896,1,email,1,0,severe,0
CUST-00571,98,441.03,0.601,1,whatsapp,0,0,severe,0
CUST-00572,23,427.42,0.546,3,email,1,0,mid,0
CUST-00573,34,619.94,0.03,2,call,1,0,mid,0
CUST-00574,32,814.95,0.601,3,email,0,0,mid,0
CUST-00575,90,323.05,0.685,1,email,1,0,severe,0
CUST-00576,65,217.17,0.914,0,whatsapp,0,0,late,0
CUST-00577,26,20.0,0.842,4,email,0,0,mid,1
CUST-00578,90,183.61,0.838,1,whatsapp,1,0,severe,0
CUST-00579,77,651.66,0.763,3,call,0,0,severe,0
CUST-00580,108,494.61,0.852,4,email,0,0,severe,0
CUST-00581,68,155.06,1.0,3,whatsapp,0,0,late,0
CUST-00582,16,360.71,0.507,2,call,0,0,mid,1
CUST-00583,107,490.07,0.629,2,email,1,0,severe,0
CUST-00584,23,641.18,0.442,2,whatsapp,0,0,mid,0
CUST-00585,7,290.11,1.0,1,whatsapp,1,0,early,1
CUST-00586,96,399.86,0.979,4,whatsapp,0,0,severe,0
CUST-00587,55,20.0,0.87,3,email,0,0,late,1
CUST-00588,78,111.56,0.48,1,whatsapp,1,0,severe,1
CUST-00589,16,997.67,0.755,1,whatsapp,1,0,mid,1
CUST-00590,87,20.0,0.673,4,email,1,0,severe,0
CUST-00591,49,371.9,0.736,3,whatsapp,0,0,late,0
CUST-00592,120,550.14,0.682,4,whatsapp,1,0,severe,0
CUST-00593,77,360.21,0.824,6,whatsapp,1,0,severe,0
CUST-00594,113,221.39,0.641,5,whatsapp,0,0,severe,0
CUST-00595,96,460.45,0.891,0,sms,1,0,severe,0
CUST-00596,102,478.41,0.768,0,whatsapp,0,0,severe,0
CUST-00597,11,453.72,0.661,3,call,1,1,early,1
CUST-00598,94,20.0,0.698,2,whatsapp,1,0,severe,0
CUST-00599,73,432.83,0.632,2,whatsapp,1,0,late,0
CUST-00600,48,206.36,0.883,3,whatsapp,1,0,late,0
CUST-00601,38,304.72,0.666,3,call,1,0,mid,0
CUST-00602,77,552.63,0.779,3,email,1,0,severe,0
CUST-00603,24,685.03,0.642,2,whatsapp,1,0,mid,0
CUST-00604,23,766.97,0.423,3,whatsapp,0,0,mid,1
CUST-00605,105,321.15,0.901,3,whatsapp,0,0,severe,0
CUST-00606,92,775.68,0.508,2,email,0,0,severe,0
CUST-00607,71,855.59,0.856,2,email,0,0,late,0
CUST-00608,91,843.72,0.804,2,email,0,0,severe,0
CUST-00609,39,924.73,0.389,1,sms,0,0,mid,1
CUST-00610,87,433.38,0.531,1,sms,1,1,severe,1
CUST-00611,25,424.28,0.617,1,sms,0,0,mid,0
CUST-00612,54,744.02,0.556,0,whatsapp,1,0,late,1
CUST-00613,18,42.71,0.484,1,email,1,0,mid,1
CUST-00614,46,547.02,0.868,3,email,0,0,late,1
CUST-00615,41,310.22,0.672,1,email,1,1,mid,1
CUST-00616,51,361.99,0.797,2,whatsapp,0,0,late,1
CUST-00617,58,20.0,0.634,1,whatsapp,0,0,late,0
CUST-00618,5,195.03,0.781,4,call,1,0,early,1
CUST-00619,42,473.44,0.57,1,call,0,0,mid,0
CUST-00620,102,764.31,0.715,3,email,0,0,severe,0
CUST-00621,52,796.81,0.836,3,email,1,0,late,1
CUST-00622,66,454.3,0.729,1,sms,1,0,late,0
CUST-00623,13,419.43,0.629,2,call,0,0,early,0
CUST-00624,47,214.18,0.503,1,email,0,0,late,0
CUST-00625,117,608.75,0.754,2,sms,0,0,severe,0
CUST-00626,66,400.78,0.789,3,email,0,0,late,0
CUST-00627,3,673.88,0.668,4,whatsapp,0,0,early,0
CUST-00628,87,1040.54,0.566,5,sms,1,0,severe,0
CUST-00629,93,469.64,0.829,3,call,1,1,severe,1
CUST-00630,46,20.0,1.0,1,sms,1,1,late,1
CUST-00631,4,204.53,0.66,4,sms,1,1,early,0
CUST-00632,100,20.0,0.787,1,sms,1,0,severe,0
CUST-00633,31,96.92,0.795,3,call,0,0,mid,1
CUST-00634,111,897.69,0.207,4,whatsapp,1,0,severe,0
CUST-00635,44,552.53,0.745,3,email,0,0,mid,0
CUST-00636,47,20.0,0.579,0,sms,1,0,late,0
CUST-00637,96,689.16,0.997,0,whatsapp,0,0,severe,0
CUST-00638,17,883.32,0.669,3,whatsapp,1,1,mid,1
CUST-00639,4,364.84,0.564,1,email,1,1,early,1
CUST-00640,92,263.68,0.676,2,whatsapp,1,1,severe,1
CUST-00641,112,372.04,0.753,2,sms,1,1,severe,0
CUST-00642,120,571.07,0.608,1,sms,1,1,severe,1
CUST-00643,16,684.79,0.709,3,sms,1,1,mid,0
CUST-00644,18,858.31,0.449,4,call,1,0,mid,0
CUST-00645,41,867.99,0.675,1,whatsapp,1,0,mid,0
CUST-00646,86,859.33,0.875,4,sms,0,0,severe,1
CUST-00647,110,915.81,1.0,0,sms,1,1,severe,0
CUST-00648,100,691.64,0.861,0,whatsapp,1,0,severe,0
CUST-00649,45,20.0,0.774,4,sms,0,0,mid,0
CUST-00650,111,438.09,0.957,2,call,1,1,severe,0
CUST-00651,31,580.45,0.924,3,whatsapp,0,0,mid,0
CUST-00652,15,357.4,1.0,2,email,1,1,early,1
CUST-00653,53,771.6,0.937,3,whatsapp,1,1,late,0
CUST-00654,12,364.73,0.696,2,sms,0,0,early,0
CUST-00655,82,183.76,0.772,4,sms,1,0,severe,0
CUST-00656,119,942.18,0.756,8,whatsapp,0,0,severe,0
CUST-00657,13,693.12,0.78,0,email,1,1,early,1
CUST-00658,15,550.16,0.76,1,whatsapp,1,1,early,0
CUST-00659,22,776.55,0.564,5,whatsapp,1,0,mid,1
CUST-00660,22,820.01,0.299,3,whatsapp,1,0,mid,1
CUST-00661,65,589.13,0.586,1,call,1,1,late,0
CUST-00662,69,20.0,0.315,2,call,1,1,late,1
CUST-00663,115,263.81,0.734,4,sms,1,1,severe,0
CUST-00664,54,333.89,0.721,3,whatsapp,0,0,late,0
CUST-00665,112,165.06,0.385,1,email,1,0,severe,0
CUST-00666,91,543.58,0.858,1,whatsapp,0,0,severe,0
CUST-00667,103,861.5,0.893,2,call,1,1,severe,1
CUST-00668,23,324.83,0.739,5,whatsapp,1,1,mid,1
CUST-00669,55,116.85,1.0,1,whatsapp,0,0,late,1
CUST-00670,110,1128.97,1.0,2,whatsapp,0,0,severe,0
CUST-00671,91,335.54,0.479,3,sms,0,0,severe,0
CUST-00672,27,85.45,0.927,3,whatsapp,1,1,mid,0
CUST-00673,102,556.06,0.808,3,whatsapp,1,0,severe,0
CUST-00674,93,616.22,0.804,3,call,0,0,severe,0
CUST-00675,18,254.38,0.907,0,email,0,0,mid,1
CUST-00676,9,732.95,0.576,0,whatsapp,1,0,early,1
CUST-00677,32,324.06,0.602,1,call,1,0,mid,0
CUST-00678,57,184.66,0.555,5,sms,0,0,late,0
CUST-00679,19,537.15,0.569,4,call,0,0,mid,0
CUST-00680,4,726.65,0.7,0,whatsapp,0,0,early,1
CUST-00681,14,277.17,0.43,2,whatsapp,1,0,early,0
CUST-00682,38,585.8,0.511,1,email,0,0,mid,0
CUST-00683,47,450.08,0.836,2,sms,1,0,late,0
CUST-00684,38,1383.82,0.706,2,whatsapp,1,1,mid,0
CUST-00685,54,253.26,0.797,2,sms,1,0,late,0
CUST-00686,87,922.93,0.342,2,email,1,1,severe,0
CUST-00687,30,463.25,0.563,1,whatsapp,1,0,mid,1
CUST-00688,55,439.44,0.609,0,email,0,0,late,1
CUST-00689,88,710.93,0.727,1,email,0,0,severe,1
CUST-00690,7,766.08,0.603,2,email,1,0,early,1
CUST-00691,113,885.45,0.907,0,email,0,0,severe,0
CUST-00692,120,585.17,0.708,1,whatsapp,0,0,severe,0
CUST-00693,35,287.87,0.723,1,email,1,0,mid,1
CUST-00694,107,307.95,0.723,6,whatsapp,1,0,severe,0
CUST-00695,31,643.09,0.862,3,whatsapp,1,0,mid,0
CUST-00696,110,665.89,0.626,1,sms,1,1,severe,0
CUST-00697,80,927.38,0.944,1,whatsapp,1,1,severe,0
CUST-00698,30,613.9,0.812,3,whatsapp,0,0,mid,0
CUST-00699,8,819.25,0.751,2,sms,1,0,early,0
CUST-00700,48,965.37,0.728,2,call,1,0,late,0
CUST-00701,90,532.74,0.824,1,whatsapp,0,0,severe,0
CUST-00702,28,20.0,0.923,1,sms,1,0,mid,1
CUST-00703,62,102.63,0.909,0,whatsapp,1,0,late,1
CUST-00704,15,20.0,0.795,5,sms,0,0,early,1
CUST-00705,51,989.31,0.895,2,sms,1,0,late,0
CUST-00706,4,208.83,0.744,0,sms,0,0,early,1
CUST-00707,119,874.19,0.97,3,whatsapp,1,0,severe,0
CUST-00708,61,667.43,0.715,0,email,1,0,late,1
CUST-00709,102,1028.89,0.305,1,sms,1,1,severe,0
CUST-00710,15,800.99,0.988,0,sms,0,0,early,1
CUST-00711,21,447.24,0.742,0,email,1,1,mid,0
CUST-00712,22,415.99,0.486,1,call,0,0,mid,0
CUST-00713,69,507.25,0.68,4,sms,1,1,late,0
CUST-00714,104,536.08,0.543,3,call,0,0,severe,0
CUST-00715,73,310.16,1.0,1,whatsapp,1,1,late,1
CUST-00716,59,469.56,0.82,2,sms,0,0,late,1
CUST-00717,114,994.98,0.406,3,whatsapp,0,0,severe,0
CUST-00718,23,20.0,0.829,2,whatsapp,0,0,mid,1
CUST-00719,20,562.72,0.64,2,call,1,0,mid,0
CUST-00720,81,189.78,1.0,4,call,0,0,severe,0
CUST-00721,103,539.85,0.509,1,sms,0,0,severe,0
CUST-00722,32,748.75,0.271,1,whatsapp,1,0,mid,0
CUST-00723,32,461.56,0.733,0,whatsapp,0,0,mid,1
CUST-00724,64,727.36,0.65,2,call,1,0,late,0
CUST-00725,94,20.0,0.637,0,sms,1,1,severe,1
CUST-00726,34,834.24,0.292,1,whatsapp,1,1,mid,0
CUST-00727,99,287.0,0.805,3,email,0,0,severe,0
CUST-00728,62,679.17,1.0,0,sms,1,0,late,1
CUST-00729,85,538.38,0.338,0,sms,1,1,severe,0
CUST-00730,76,20.0,0.954,5,call,1,0,severe,1
CUST-00731,58,238.06,0.606,3,email,0,0,late,0
CUST-00732,65,550.56,1.0,3,whatsapp,1,0,late,0
CUST-00733,120,977.27,0.807,4,call,0,0,severe,0
CUST-00734,48,571.93,0.682,1,sms,1,0,late,1
CUST-00735,114,562.46,0.941,3,whatsapp,1,1,severe,1
CUST-00736,95,27.94,0.825,5,call,1,0,severe,0
CUST-00737,22,937.97,0.602,0,sms,1,1,mid,1
CUST-00738,105,1058.26,0.862,4,email,1,1,severe,0
CUST-00739,46,489.14,0.618,0,email,0,0,late,1
CUST-00740,22,409.68,0.362,4,whatsapp,1,1,mid,0
CUST-00741,31,20.0,1.0,3,call,0,0,mid,1
CUST-00742,17,762.66,0.65,3,sms,1,0,mid,0
CUST-00743,41,1344.73,0.598,1,whatsapp,0,0,mid,1
CUST-00744,14,709.48,0.788,2,sms,1,1,early,1
CUST-00745,66,884.39,0.408,3,whatsapp,1,0,late,0
CUST-00746,118,653.47,0.449,3,call,0,0,severe,0
CUST-00747,116,164.79,0.62,2,email,1,0,severe,0
CUST-00748,113,907.74,0.616,0,whatsapp,1,0,severe,0
CUST-00749,30,84.94,0.734,3,email,1,0,mid,0
CUST-00750,28,412.59,0.945,3,email,0,0,mid,1
CUST-00751,82,569.23,0.625,1,email,0,0,severe,0
CUST-00752,117,762.53,0.819,1,whatsapp,1,0,severe,1
CUST-00753,100,613.12,0.84,7,whatsapp,0,0,severe,0
CUST-00754,25,603.79,0.503,4,call,1,0,mid,0
CUST-00755,89,236.32,0.766,1,call,0,0,severe,0
CUST-00756,61,67.4,0.531,4,whatsapp,0,0,late,1
CUST-00757,54,499.67,0.933,7,sms,0,0,late,0
CUST-00758,60,252.74,0.811,3,sms,1,0,late,0
CUST-00759,66,61.51,0.723,3,whatsapp,1,1,late,0
CUST-00760,110,74.9,0.452,0,call,0,0,severe,0
CUST-00761,96,323.16,0.743,0,sms,1,1,severe,0
CUST-00762,5,20.0,0.567,4,email,0,0,early,1
CUST-00763,92,48.81,0.861,4,email,0,0,severe,0
CUST-00764,38,20.0,0.696,0,whatsapp,0,0,mid,0
CUST-00765,41,538.32,0.558,2,whatsapp,1,1,mid,0
CUST-00766,72,610.55,0.905,2,whatsapp,0,0,late,0
CUST-00767,119,1122.29,0.864,5,sms,0,0,severe,0
CUST-00768,8,20.0,0.601,2,email,1,0,early,1
CUST-00769,62,262.53,0.952,1,call,1,1,late,1
CUST-00770,29,772.04,0.66,1,call,0,0,mid,1
CUST-00771,110,410.63,0.658,2,email,1,1,severe,0
CUST-00772,56,375.36,0.745,3,sms,1,0,late,0
CUST-00773,103,1026.93,0.569,2,whatsapp,1,0,severe,0
CUST-00774,106,371.71,0.632,1,email,0,0,severe,1
CUST-00775,13,110.02,0.688,2,whatsapp,1,0,early,0
CUST-00776,92,58.58,1.0,1,email,1,0,severe,0
CUST-00777,95,587.42,1.0,1,email,0,0,severe,1
CUST-00778,100,577.68,0.668,4,whatsapp,0,0,severe,0
CUST-00779,119,41.06,1.0,1,email,0,0,severe,0
CUST-00780,92,164.67,0.711,1,whatsapp,0,0,severe,1
CUST-00781,101,651.11,0.796,2,whatsapp,1,0,severe,0
CUST-00782,85,664.73,0.897,0,call,1,0,severe,1
CUST-00783,36,274.17,0.778,1,email,1,0,mid,0
CUST-00784,102,679.11,1.0,4,call,1,0,severe,0
CUST-00785,85,662.99,0.769,2,call,1,0,severe,0
CUST-00786,82,20.0,0.48,1,whatsapp,0,0,severe,1
CUST-00787,117,380.14,0.981,3,email,1,1,severe,0
CUST-00788,89,612.84,0.638,3,whatsapp,1,1,severe,0
CUST-00789,41,296.62,0.659,1,whatsapp,1,1,mid,0
CUST-00790,37,20.0,0.122,2,whatsapp,0,0,mid,1
CUST-00791,40,389.44,0.92,1,whatsapp,1,0,mid,1
CUST-00792,21,720.67,0.884,1,email,0,0,mid,1
CUST-00793,10,985.73,0.88,2,email,1,1,early,0
CUST-00794,91,20.0,0.916,3,call,0,0,severe,0
CUST-00795,95,1316.26,1.0,1,whatsapp,1,0,severe,0
CUST-00796,20,119.32,0.711,5,email,1,1,mid,1
CUST-00797,48,786.23,0.908,1,whatsapp,1,1,late,0
CUST-00798,111,874.94,0.571,5,whatsapp,1,1,severe,0
CUST-00799,101,794.57,0.649,1,email,1,0,severe,0
CUST-00800,72,527.88,0.931,1,sms,1,0,late,0
CUST-00801,117,108.35,0.798,1,call,1,0,severe,0
CUST-00802,40,680.5,0.453,2,whatsapp,0,0,mid,0
CUST-00803,102,251.13,0.792,2,whatsapp,1,0,severe,0
CUST-00804,113,20.0,0.683,2,call,0,0,severe,0
CUST-00805,72,1385.25,0.556,3,call,0,0,late,0
CUST-00806,19,706.59,0.807,2,whatsapp,1,0,mid,1
CUST-00807,36,1061.78,0.639,1,whatsapp,1,0,mid,0
CUST-00808,62,188.28,0.406,0,sms,1,1,late,0
CUST-00809,34,949.6,0.498,1,whatsapp,0,0,mid,0
CUST-00810,11,988.76,1.0,3,whatsapp,1,0,early,1
CUST-00811,21,977.46,0.417,4,email,1,1,mid,0
CUST-00812,116,473.21,0.765,4,email,1,1,severe,1
CUST-00813,46,95.21,0.842,0,whatsapp,1,1,late,1
CUST-00814,70,423.26,0.848,3,whatsapp,0,0,late,1
CUST-00815,53,20.0,0.475,1,whatsapp,0,0,late,0
CUST-00816,97,20.0,0.656,1,email,0,0,severe,1
CUST-00817,13,509.42,0.748,0,whatsapp,0,0,early,1
CUST-00818,34,162.75,0.88,1,call,1,1,mid,0
CUST-00819,71,427.38,0.591,0,whatsapp,1,0,late,1
CUST-00820,97,445.12,0.487,0,sms,1,1,severe,0
CUST-00821,56,1097.83,0.921,1,email,1,1,late,0
CUST-00822,85,895.24,0.941,1,call,0,0,severe,0
CUST-00823,97,465.64,0.794,3,email,0,0,severe,0
CUST-00824,78,866.85,0.598,1,call,1,0,severe,0
CUST-00825,99,230.49,0.801,0,sms,1,0,severe,1
CUST-00826,115,372.19,0.742,3,whatsapp,1,1,severe,0
CUST-00827,27,771.27,0.888,3,sms,0,0,mid,1
CUST-00828,53,82.67,0.47,3,email,0,0,late,0
CUST-00829,28,390.73,0.743,1,sms,1,1,mid,1
CUST-00830,50,57.33,0.688,3,email,1,0,late,0
CUST-00831,1,517.59,0.498,1,sms,1,0,early,1
CUST-00832,84,1002.41,0.763,1,sms,1,0,severe,0
CUST-00833,29,239.33,0.727,2,sms,0,0,mid,0
CUST-00834,101,552.28,0.638,2,sms,1,1,severe,0
CUST-00835,87,192.86,0.799,2,whatsapp,0,0,severe,0
CUST-00836,41,112.14,0.436,2,whatsapp,0,0,mid,0
CUST-00837,55,84.53,0.709,1,sms,0,0,late,0
CUST-00838,81,945.52,0.806,2,email,1,0,severe,0
CUST-00839,51,1235.98,0.777,1,sms,0,0,late,0
CUST-00840,26,634.57,0.935,1,email,1,1,mid,1
CUST-00841,6,250.79,0.48,2,sms,0,0,early,1
CUST-00842,67,705.57,0.418,3,whatsapp,1,1,late,0
CUST-00843,64,373.02,0.768,3,whatsapp,0,0,late,0
CUST-00844,93,736.45,0.811,2,email,1,1,severe,0
CUST-00845,16,573.12,1.0,5,call,0,0,mid,1
CUST-00846,8,569.51,0.843,1,email,1,0,early,1
CUST-00847,89,674.33,0.545,3,whatsapp,1,0,severe,0
CUST-00848,88,294.56,0.881,0,email,0,0,severe,1
CUST-00849,96,350.6,0.551,2,sms,1,1,severe,0
CUST-00850,2,20.0,0.423,1,call,0,0,early,1
CUST-00851,79,338.6,1.0,1,whatsapp,1,0,severe,1
CUST-00852,116,24.85,0.785,3,email,1,1,severe,0
CUST-00853,92,433.7,0.863,4,sms,1,1,severe,0
CUST-00854,57,173.56,0.833,1,call,1,0,late,0
CUST-00855,58,512.4,1.0,2,email,1,0,late,1
CUST-00856,50,625.04,0.777,2,whatsapp,0,0,late,0
CUST-00857,7,25.56,0.964,1,email,0,0,early,0
CUST-00858,87,219.75,0.515,1,sms,0,0,severe,0
CUST-00859,65,178.14,0.442,2,whatsapp,0,0,late,1
CUST-00860,63,718.88,1.0,3,whatsapp,1,0,late,0
CUST-00861,112,1026.04,1.0,1,sms,0,0,severe,0
CUST-00862,88,752.49,0.822,3,sms,0,0,severe,1
CUST-00863,116,368.19,0.765,1,sms,1,0,severe,0
CUST-00864,11,948.8,0.753,1,whatsapp,0,0,early,1
CUST-00865,115,20.0,0.582,2,whatsapp,1,0,severe,0
CUST-00866,68,959.79,1.0,2,email,1,1,late,0
CUST-00867,49,270.01,0.852,0,sms,0,0,late,1
CUST-00868,67,20.0,0.821,1,email,1,0,late,0
CUST-00869,5,1328.26,0.795,0,sms,1,0,early,0
CUST-00870,112,984.97,0.93,2,whatsapp,0,0,severe,0
CUST-00871,76,149.8,0.821,1,email,1,0,severe,1
CUST-00872,5,534.08,0.869,4,whatsapp,0,0,early,1
CUST-00873,110,411.36,0.486,6,whatsapp,1,0,severe,0
CUST-00874,55,512.71,0.822,1,whatsapp,0,0,late,0
CUST-00875,15,20.0,1.0,2,sms,0,0,early,0
CUST-00876,76,261.92,0.616,5,whatsapp,0,0,severe,0
CUST-00877,9,629.75,0.694,3,call,0,0,early,0
CUST-00878,67,551.26,0.898,5,whatsapp,0,0,late,0
CUST-00879,92,863.76,0.911,1,whatsapp,0,0,severe,0
CUST-00880,9,505.52,0.845,4,email,0,0,early,0
CUST-00881,95,1231.75,0.396,7,whatsapp,0,0,severe,0
CUST-00882,72,250.97,0.82,1,whatsapp,1,1,late,1
CUST-00883,39,562.99,0.483,2,sms,0,0,mid,0
CUST-00884,27,20.0,0.555,3,whatsapp,1,0,mid,0
CUST-00885,2,79.0,0.83,3,email,1,0,early,1
CUST-00886,24,905.13,0.661,4,whatsapp,1,1,mid,0
CUST-00887,35,178.3,0.882,3,email,0,0,mid,0
CUST-00888,106,649.82,1.0,1,whatsapp,0,0,severe,0
CUST-00889,62,460.23,0.875,0,sms,0,0,late,0
CUST-00890,24,145.74,0.865,0,call,0,0,mid,1
CUST-00891,90,368.56,0.541,3,email,1,0,severe,0
CUST-00892,55,315.45,0.591,4,call,1,0,late,1
CUST-00893,101,324.04,0.507,3,sms,1,0,severe,0
CUST-00894,91,721.15,0.613,2,whatsapp,0,0,severe,0
CUST-00895,112,688.75,0.502,2,whatsapp,1,1,severe,0
CUST-00896,85,295.22,0.588,2,email,0,0,severe,0
CUST-00897,14,189.73,0.678,1,whatsapp,1,1,early,1
CUST-00898,67,570.35,0.52,4,email,0,0,late,0
CUST-00899,51,448.0,0.436,0,whatsapp,0,0,late,1
CUST-00900,97,809.05,0.448,2,call,0,0,severe,0
CUST-00901,19,1329.69,0.811,1,whatsapp,0,0,mid,0
CUST-00902,56,749.74,0.732,0,whatsapp,0,0,late,0
CUST-00903,100,468.89,0.925,1,whatsapp,1,1,severe,1
CUST-00904,75,424.95,0.929,3,sms,0,0,late,1
CUST-00905,5,205.86,0.652,4,call,0,0,early,1
CUST-00906,99,189.86,0.854,2,sms,0,0,severe,0
CUST-00907,45,158.91,0.432,1,email,0,0,mid,0
CUST-00908,82,353.49,1.0,0,sms,1,0,severe,0
CUST-00909,79,343.31,0.959,3,whatsapp,1,1,severe,0
CUST-00910,78,717.99,0.677,1,sms,0,0,severe,0
CUST-00911,51,352.32,0.487,0,sms,1,0,late,0
CUST-00912,49,416.82,0.796,1,sms,1,1,late,0
CUST-00913,13,90.15,0.346,1,whatsapp,0,0,early,0
CUST-00914,67,1006.26,0.564,2,whatsapp,0,0,late,0
CUST-00915,35,642.24,0.87,4,whatsapp,1,1,mid,0
CUST-00916,48,1052.44,0.735,2,whatsapp,1,0,late,0
CUST-00917,21,735.0,0.622,3,whatsapp,0,0,mid,1
CUST-00918,90,956.68,0.91,3,whatsapp,0,0,severe,0
CUST-00919,111,400.48,0.512,2,sms,0,0,severe,0
CUST-00920,46,709.49,0.777,1,call,0,0,late,1
CUST-00921,51,1345.76,0.62,4,email,0,0,late,0
CUST-00922,56,88.47,0.551,1,sms,1,1,late,1
CUST-00923,9,856.41,0.813,3,email,0,0,early,0
CUST-00924,91,1023.34,0.521,2,sms,0,0,severe,0
CUST-00925,106,614.76,1.0,2,whatsapp,0,0,severe,1
CUST-00926,61,724.87,0.603,1,email,0,0,late,0
CUST-00927,8,889.48,1.0,1,email,1,1,early,1
CUST-00928,41,265.51,0.501,0,email,0,0,mid,1
CUST-00929,19,613.57,0.841,3,call,1,0,mid,0
CUST-00930,100,195.84,0.48,2,email,0,0,severe,0
CUST-00931,97,258.8,0.452,2,email,0,0,severe,0
CUST-00932,46,277.9,0.752,1,whatsapp,1,0,late,1
CUST-00933,46,433.19,0.856,1,call,0,0,late,0
CUST-00934,102,527.93,0.465,2,sms,1,1,severe,0
CUST-00935,11,628.17,0.957,2,sms,0,0,early,1
CUST-00936,95,20.0,0.56,3,email,0,0,severe,0
CUST-00937,116,1128.57,0.746,1,whatsapp,1,1,severe,0
CUST-00938,54,858.73,0.796,4,whatsapp,1,0,late,0
CUST-00939,91,717.94,0.839,1,call,1,0,severe,0
CUST-00940,86,362.71,0.36,1,email,1,0,severe,0
CUST-00941,108,450.78,1.0,1,call,1,0,severe,0
CUST-00942,5,659.57,0.832,3,whatsapp,1,0,early,0
CUST-00943,85,614.86,0.635,3,sms,1,0,severe,0
CUST-00944,47,20.0,0.515,4,email,1,0,late,0
CUST-00945,104,722.97,0.381,1,whatsapp,1,0,severe,0
CUST-00946,104,1436.24,0.448,3,email,1,1,severe,0
CUST-00947,35,20.0,0.829,1,sms,1,0,mid,1
CUST-00948,70,806.3,0.652,4,sms,1,0,late,0
CUST-00949,60,601.12,0.494,3,whatsapp,1,1,late,1
CUST-00950,67,443.39,0.615,2,sms,1,1,late,1
CUST-00951,100,930.25,1.0,0,email,0,0,severe,0
CUST-00952,80,91.65,0.654,0,call,0,0,severe,0
CUST-00953,91,533.47,0.603,1,call,0,0,severe,1
CUST-00954,82,960.63,0.99,2,call,1,0,severe,0
CUST-00955,31,415.33,0.812,2,call,0,0,mid,0
CUST-00956,71,342.64,0.729,3,email,0,0,late,0
CUST-00957,46,517.75,0.598,1,whatsapp,0,0,late,1
CUST-00958,51,333.84,0.41,3,sms,0,0,late,0
CUST-00959,14,988.53,0.486,2,whatsapp,1,0,early,0
CUST-00960,23,181.81,0.624,0,sms,1,1,mid,1
CUST-00961,42,767.02,0.676,1,whatsapp,1,1,mid,0
CUST-00962,36,68.26,0.791,4,sms,1,0,mid,0
CUST-00963,77,700.02,0.83,1,email,1,0,severe,0
CUST-00964,36,445.5,0.765,1,whatsapp,1,1,mid,1
CUST-00965,30,20.0,0.764,2,call,0,0,mid,1
CUST-00966,52,478.03,0.518,4,whatsapp,0,0,late,0
CUST-00967,69,129.03,0.289,6,sms,0,0,late,0
CUST-00968,120,333.83,0.616,2,whatsapp,1,1,severe,0
CUST-00969,62,986.1,0.529,0,whatsapp,0,0,late,1
CUST-00970,43,112.45,0.589,0,sms,0,0,mid,0
CUST-00971,39,131.22,0.665,0,whatsapp,1,0,mid,1
CUST-00972,54,953.88,0.471,2,whatsapp,1,0,late,0
CUST-00973,112,518.14,0.498,3,email,1,0,severe,0
CUST-00974,45,987.11,0.7,1,whatsapp,0,0,mid,0
CUST-00975,30,586.43,0.743,3,call,1,0,mid,1
CUST-00976,70,189.74,0.589,2,email,1,0,late,0
CUST-00977,93,458.19,0.82,4,whatsapp,0,0,severe,0
CUST-00978,114,884.52,0.676,1,whatsapp,0,0,severe,0
CUST-00979,34,789.6,0.516,1,call,1,1,mid,0
CUST-00980,107,480.29,0.728,3,whatsapp,0,0,severe,0
CUST-00981,103,496.05,1.0,1,email,1,0,severe,0
CUST-00982,46,442.98,0.585,2,sms,0,0,late,1
CUST-00983,41,289.71,0.953,2,sms,1,1,mid,0
CUST-00984,33,1115.48,0.996,2,whatsapp,1,0,mid,0
CUST-00985,39,482.37,1.0,2,sms,1,0,mid,1
CUST-00986,107,107.87,0.555,6,whatsapp,1,1,severe,0
CUST-00987,38,323.07,1.0,2,email,1,1,mid,1
CUST-00988,60,718.98,0.743,2,email,0,0,late,0
CUST-00989,113,691.06,0.669,2,whatsapp,1,0,severe,0
CUST-00990,83,434.88,0.674,2,sms,0,0,severe,1
CUST-00991,16,260.08,0.84,5,whatsapp,1,0,mid,0
CUST-00992,9,487.87,0.73,3,email,0,0,early,1
CUST-00993,27,20.0,0.685,6,whatsapp,1,0,mid,0
CUST-00994,104,51.7,0.977,4,whatsapp,0,0,severe,1
CUST-00995,28,742.85,0.575,8,whatsapp,1,0,mid,0
CUST-00996,38,322.31,0.511,0,call,1,1,mid,1
CUST-00997,65,603.35,0.879,5,email,1,1,late,0
CUST-00998,60,880.83,0.861,2,sms,1,0,late,1
CUST-00999,10,693.73,0.939,3,email,1,1,early,0
CUST-01000,24,486.78,0.506,1,whatsapp,0,0,mid,0
CUST-01001,120,1180.15,0.936,0,whatsapp,1,0,severe,0
CUST-01002,51,699.68,0.816,2,call,0,0,late,0
CUST-01003,34,363.37,1.0,2,whatsapp,1,0,mid,1
CUST-01004,100,720.86,0.47,1,email,0,0,severe,0
CUST-01005,56,614.19,0.764,3,call,1,1,late,0
CUST-01006,100,198.4,0.664,1,whatsapp,1,0,severe,0
CUST-01007,20,504.0,0.402,2,call,1,1,mid,0
CUST-01008,57,425.72,0.577,1,email,1,1,late,1
CUST-01009,98,20.0,0.945,4,whatsapp,1,1,severe,0
CUST-01010,93,423.28,0.626,2,sms,0,0,severe,0
CUST-01011,82,386.86,0.575,1,whatsapp,1,1,severe,1
CUST-01012,55,335.8,0.894,1,sms,1,1,late,1
CUST-01013,99,20.0,0.918,2,sms,1,0,severe,0
CUST-01014,45,363.31,0.917,2,sms,0,0,mid,0
CUST-01015,80,466.94,0.562,2,whatsapp,1,0,severe,0
CUST-01016,66,513.53,0.708,0,whatsapp,1,0,late,1
CUST-01017,37,106.44,0.926,4,whatsapp,0,0,mid,1
CUST-01018,25,688.07,0.589,2,email,1,0,mid,0
CUST-01019,64,80.11,0.57,0,email,1,0,late,0
CUST-01020,38,406.39,0.886,2,email,1,1,mid,1
CUST-01021,63,909.33,1.0,3,email,0,0,late,1
CUST-01022,85,252.24,0.49,2,call,1,0,severe,0
CUST-01023,97,312.0,0.2,2,sms,0,0,severe,0
CUST-01024,93,833.07,0.43,3,whatsapp,1,0,severe,0
CUST-01025,62,353.69,0.518,2,whatsapp,1,0,late,0
CUST-01026,7,382.32,0.692,2,email,0,0,early,1
CUST-01027,22,552.75,0.843,2,sms,0,0,mid,1
CUST-01028,88,825.09,0.691,1,whatsapp,1,1,severe,1
CUST-01029,72,20.0,0.58,4,sms,0,0,late,1
CUST-01030,99,207.63,0.751,1,call,1,0,severe,0
CUST-01031,59,148.83,0.528,3,email,0,0,late,0
CUST-01032,54,123.39,0.711,0,whatsapp,0,0,late,0
CUST-01033,30,199.11,0.592,2,email,0,0,mid,0
CUST-01034,8,204.3,1.0,1,sms,0,0,early,1
CUST-01035,18,578.95,0.883,3,whatsapp,0,0,mid,1
CUST-01036,82,188.12,0.553,6,whatsapp,0,0,severe,0
CUST-01037,70,520.19,0.521,2,call,0,0,late,0
CUST-01038,30,611.65,0.632,2,whatsapp,1,1,mid,0
CUST-01039,44,240.62,0.391,1,email,0,0,mid,0
CUST-01040,78,522.84,0.574,3,whatsapp,1,1,severe,1
CUST-01041,46,1016.81,0.572,1,sms,0,0,late,0
CUST-01042,46,585.62,0.897,0,whatsapp,0,0,late,1
CUST-01043,33,271.05,0.635,1,whatsapp,0,0,mid,1
CUST-01044,77,458.71,0.562,3,whatsapp,0,0,severe,1
CUST-01045,107,179.86,0.452,1,sms,1,1,severe,1
CUST-01046,31,568.68,0.485,4,email,1,0,mid,0
CUST-01047,35,762.38,0.707,1,sms,1,1,mid,0
CUST-01048,58,211.86,0.677,2,whatsapp,1,0,late,0
CUST-01049,23,411.54,0.947,2,email,1,1,mid,1
CUST-01050,63,843.93,0.594,3,call,1,1,late,1
CUST-01051,107,317.28,0.932,4,sms,1,0,severe,0
CUST-01052,76,541.47,0.771,2,whatsapp,0,0,severe,0
CUST-01053,20,145.24,0.719,3,whatsapp,0,0,mid,1
CUST-01054,25,212.23,0.318,4,whatsapp,0,0,mid,1
CUST-01055,10,312.49,0.462,1,whatsapp,0,0,early,1
CUST-01056,116,1176.42,0.868,2,whatsapp,0,0,severe,0
CUST-01057,42,349.1,1.0,3,call,0,0,mid,1
CUST-01058,35,310.41,0.761,2,email,1,0,mid,0
CUST-01059,104,299.78,0.873,2,whatsapp,1,0,severe,1
CUST-01060,37,427.01,0.638,1,sms,1,1,mid,0
CUST-01061,28,689.9,0.646,1,whatsapp,1,0,mid,1
CUST-01062,31,540.64,0.587,1,call,0,0,mid,1
CUST-01063,48,1138.5,0.915,1,sms,1,0,late,1
CUST-01064,9,548.41,0.789,1,email,0,0,early,0
CUST-01065,77,943.17,0.673,2,whatsapp,1,0,severe,0
CUST-01066,51,568.55,0.654,1,sms,1,1,late,0
CUST-01067,117,673.79,0.831,0,email,0,0,severe,0
CUST-01068,93,20.0,0.785,1,sms,0,0,severe,0
CUST-01069,47,439.34,0.554,2,whatsapp,0,0,late,0
CUST-01070,86,457.94,1.0,1,sms,1,0,severe,0
CUST-01071,97,402.25,0.771,1,email,0,0,severe,0
CUST-01072,24,20.0,0.722,1,sms,1,0,mid,1
CUST-01073,20,761.8,1.0,4,call,1,0,mid,0
CUST-01074,17,356.11,0.925,2,sms,1,0,mid,1
CUST-01075,6,339.82,0.702,3,call,0,0,early,0
CUST-01076,39,398.35,0.827,2,whatsapp,0,0,mid,1
CUST-01077,96,407.01,0.506,5,email,0,0,severe,0
CUST-01078,93,610.27,0.592,1,sms,0,0,severe,0
CUST-01079,46,73.27,0.268,1,whatsapp,1,0,late,1
CUST-01080,59,182.07,0.964,2,call,1,1,late,1
CUST-01081,93,573.0,0.34,2,whatsapp,1,1,severe,0
CUST-01082,111,526.59,0.856,4,sms,0,0,severe,0
CUST-01083,34,359.47,0.554,2,whatsapp,1,0,mid,0
CUST-01084,79,296.35,0.524,3,call,1,0,severe,0
CUST-01085,72,212.98,0.681,3,email,1,0,late,0
CUST-01086,75,461.33,0.773,1,whatsapp,0,0,late,1
CUST-01087,97,857.83,0.842,3,whatsapp,0,0,severe,0
CUST-01088,93,141.42,1.0,3,whatsapp,0,0,severe,0
CUST-01089,48,967.46,0.792,2,whatsapp,0,0,late,0
CUST-01090,91,750.07,0.896,1,call,0,0,severe,0
CUST-01091,7,335.05,0.6,3,call,0,0,early,0
CUST-01092,42,730.58,0.863,2,email,0,0,mid,0
CUST-01093,27,20.0,0.751,2,sms,0,0,mid,1
CUST-01094,31,20.0,0.627,2,sms,0,0,mid,1
CUST-01095,109,67.27,0.701,2,sms,0,0,severe,0
CUST-01096,53,348.88,0.708,1,email,1,1,late,1
CUST-01097,9,375.87,0.758,2,whatsapp,1,0,early,0
CUST-01098,59,315.15,0.8,4,whatsapp,0,0,late,0
CUST-01099,9,511.82,0.618,2,sms,0,0,early,1
CUST-01100,18,20.0,0.572,4,whatsapp,1,0,mid,1
CUST-01101,47,638.51,0.869,4,call,0,0,late,0
CUST-01102,53,25.82,0.381,1,whatsapp,1,0,late,0
CUST-01103,28,268.53,0.596,4,call,1,0,mid,1
CUST-01104,77,347.89,1.0,0,whatsapp,1,1,severe,0
CUST-01105,60,110.01,0.179,1,whatsapp,1,0,late,0
CUST-01106,17,41.28,0.581,1,sms,1,0,mid,1
CUST-01107,99,158.05,0.858,2,email,1,0,severe,0
CUST-01108,17,476.18,0.39,5,call,1,0,mid,0
CUST-01109,44,668.79,1.0,2,sms,1,1,mid,0
CUST-01110,21,660.56,0.202,1,call,0,0,mid,0
CUST-01111,114,161.76,1.0,3,call,1,0,severe,0
CUST-01112,34,226.7,1.0,2,call,0,0,mid,1
CUST-01113,105,185.41,0.903,1,whatsapp,0,0,severe,0
CUST-01114,116,623.94,0.676,3,sms,0,0,severe,0
CUST-01115,27,20.0,0.791,1,whatsapp,0,0,mid,1
CUST-01116,4,876.27,0.541,1,sms,0,0,early,1
CUST-01117,2,324.86,0.882,4,whatsapp,1,1,early,0
CUST-01118,23,229.27,0.496,1,whatsapp,0,0,mid,1
CUST-01119,49,588.63,0.665,1,email,0,0,late,1
CUST-01120,20,810.44,0.919,0,whatsapp,1,0,mid,0
CUST-01121,115,589.63,0.497,4,whatsapp,0,0,severe,0
CUST-01122,57,816.88,0.647,5,whatsapp,1,1,late,0
CUST-01123,102,522.99,0.753,1,whatsapp,1,0,severe,0
CUST-01124,2,873.48,0.452,3,email,1,1,early,0
CUST-01125,16,878.45,0.953,4,sms,0,0,mid,1
CUST-01126,55,448.17,0.788,3,sms,1,1,late,1
CUST-01127,20,940.55,0.417,2,sms,1,1,mid,0
CUST-01128,20,532.71,0.711,3,call,0,0,mid,0
CUST-01129,3,507.81,0.565,3,whatsapp,0,0,early,1
CUST-01130,33,185.13,0.588,0,sms,0,0,mid,1
CUST-01131,92,387.59,0.735,2,email,0,0,severe,0
CUST-01132,96,728.83,0.578,3,call,0,0,severe,0
CUST-01133,62,59.95,0.913,3,call,1,1,late,1
CUST-01134,23,687.88,0.579,2,call,1,1,mid,1
CUST-01135,54,591.56,0.916,3,whatsapp,1,1,late,0
CUST-01136,75,568.82,0.711,2,call,0,0,late,0
CUST-01137,18,20.0,0.891,2,email,1,1,mid,1
CUST-01138,49,446.96,0.612,1,whatsapp,1,0,late,0
CUST-01139,99,687.44,0.619,2,email,0,0,severe,0
CUST-01140,51,235.85,0.49,5,call,0,0,late,0
CUST-01141,57,508.9,0.836,3,email,0,0,late,0
CUST-01142,99,20.0,0.908,2,email,1,0,severe,0
CUST-01143,81,694.85,1.0,4,email,0,0,severe,0
CUST-01144,20,268.02,0.978,0,call,1,0,mid,1
CUST-01145,74,758.83,0.77,3,email,0,0,late,0
CUST-01146,111,20.0,0.678,2,whatsapp,0,0,severe,0
CUST-01147,26,701.53,0.798,7,whatsapp,0,0,mid,0
CUST-01148,108,404.18,0.714,4,whatsapp,0,0,severe,0
CUST-01149,71,738.43,1.0,4,sms,1,1,late,0
CUST-01150,81,183.77,0.909,1,whatsapp,1,0,severe,1
CUST-01151,40,282.09,0.553,3,sms,0,0,mid,0
CUST-01152,6,1197.58,0.582,2,call,1,0,early,1
CUST-01153,4,214.42,0.993,2,call,1,0,early,0
CUST-01154,80,254.07,0.782,3,whatsapp,0,0,severe,1
CUST-01155,118,391.49,0.674,1,email,1,1,severe,1
CUST-01156,73,152.78,0.957,1,whatsapp,1,1,late,0
CUST-01157,43,860.95,0.642,5,call,1,1,mid,0
CUST-01158,93,1032.0,0.664,1,whatsapp,1,0,severe,1
CUST-01159,114,254.69,0.628,0,whatsapp,0,0,severe,0
CUST-01160,26,20.0,0.328,2,whatsapp,0,0,mid,1
CUST-01161,13,855.03,0.893,4,whatsapp,0,0,early,1
CUST-01162,115,834.68,0.478,3,email,0,0,severe,0
CUST-01163,6,742.93,0.606,4,whatsapp,0,0,early,0
CUST-01164,107,850.08,0.571,3,email,1,0,severe,0
CUST-01165,18,202.39,0.865,4,call,0,0,mid,1
CUST-01166,14,426.08,0.706,1,sms,1,1,early,1
CUST-01167,34,37.08,0.723,3,sms,1,1,mid,1
CUST-01168,38,26.19,0.384,0,call,1,1,mid,0
CUST-01169,40,793.95,0.703,5,whatsapp,1,1,mid,0
CUST-01170,4,264.99,0.425,4,call,1,1,early,1
CUST-01171,103,1209.46,0.781,3,email,0,0,severe,0
CUST-01172,100,503.74,0.793,1,whatsapp,1,0,severe,1
CUST-01173,82,275.06,0.717,3,whatsapp,0,0,severe,0
CUST-01174,110,735.32,1.0,2,email,0,0,severe,0
CUST-01175,113,1056.4,0.826,1,whatsapp,0,0,severe,0
CUST-01176,119,635.56,0.839,2,call,0,0,severe,0
CUST-01177,46,90.51,0.748,2,call,0,0,late,1
CUST-01178,74,598.72,0.681,2,email,1,0,late,1
CUST-01179,92,920.19,0.913,4,email,0,0,severe,0
CUST-01180,80,322.16,0.94,2,sms,1,0,severe,1
CUST-01181,95,232.43,0.46,5,email,1,0,severe,0
CUST-01182,82,805.26,0.931,3,sms,1,0,severe,0
CUST-01183,47,524.79,0.823,2,sms,0,0,late,1
CUST-01184,69,127.19,0.912,5,email,0,0,late,0
CUST-01185,24,358.48,0.813,2,sms,1,0,mid,0
CUST-01186,115,238.19,0.471,2,whatsapp,1,0,severe,0
CUST-01187,108,574.81,0.485,2,whatsapp,1,1,severe,0
CUST-01188,73,515.1,1.0,2,sms,1,1,late,0
CUST-01189,93,848.14,0.77,4,sms,1,0,severe,0
CUST-01190,41,707.09,0.437,3,email,1,1,mid,0
CUST-01191,46,20.0,0.79,4,email,0,0,late,0
CUST-01192,62,610.24,0.648,2,email,1,1,late,0
CUST-01193,32,767.02,0.351,5,call,1,1,mid,0
CUST-01194,3,625.88,0.262,0,whatsapp,1,0,early,1
CUST-01195,48,809.62,0.399,2,whatsapp,0,0,late,0
CUST-01196,87,304.14,0.774,1,email,1,1,severe,1
CUST-01197,32,175.73,0.71,2,whatsapp,0,0,mid,1
CUST-01198,84,777.62,0.67,5,email,1,0,severe,0
CUST-01199,72,139.05,0.777,1,sms,1,1,late,1
CUST-01200,51,20.0,0.84,0,email,0,0,late,1
